{
  "version": "5",
  "dialect": "mysql",
  "id": "fec4e91f-b1d0-460e-aa19-969a05f4b6e4",
  "prevId": "00000000-0000-0000-0000-000000000000",
  "tables": {
    "urlShortner": {
      "name": "urlShortner",
      "columns": {
        "id": {
          "name": "id",
          "type": "serial",
          "primaryKey": false,
          "notNull": true,
          "autoincrement": true
        },
        "url": {
          "name": "url",
          "type": "varchar(255)",
          "primaryKey": false,
          "notNull": true,
          "autoincrement": false
        },
        "shortcode": {
          "name": "shortcode",
          "type": "varchar(255)",
          "primaryKey": false,
          "notNull": true,
          "autoincrement": false
        }
      },
      "indexes": {},
      "foreignKeys": {},
      "compositePrimaryKeys": {
        "urlShortner_id": {
          "name": "urlShortner_id",
          "columns": [
            "id"
          ]
        }
      },
      "uniqueConstraints": {
        "urlShortner_shortcode_unique": {
          "name": "urlShortner_shortcode_unique",
          "columns": [
            "shortcode"
          ]
        }
      },
      "checkConstraint": {}
    }
  },
  "views": {},
  "_meta": {
    "schemas": {},
    "tables": {},
    "columns": {}
  },
  "internal": {
    "tables": {},
    "indexes": {}
  }
}